"","gene","baseMean","log2FoldChange","lfcSE","pvalue","padj"
"1","ABAT",7188.33955316142,0.442104520951304,0.0755861956942528,2.95321588229561e-10,2.89956579376724e-07
"2","ABHD15",838.498177123423,-0.314449458355413,0.117865108271601,0.000486004630733198,0.0177278840845156
"3","ABHD17A",3861.48720350232,-0.380064751924269,0.112307844071651,4.29513133985057e-05,0.00299439274829109
"4","ABI3",1347.77006864372,-0.305068740136878,0.100775346734952,0.000167548829289319,0.00847236183127363
"5","ADAM12",648.979286695074,-0.367837218442696,0.119930387035602,0.000128742884563454,0.00712135523909209
"6","ADAMTS2",108.927130213828,-0.639389333667314,0.26410468211785,0.000562034872012225,0.0192496943664187
"7","ADAMTS7",306.995211864156,-0.464673649697721,0.16141860723514,0.000190528345639466,0.00902197375797932
"8","ADGRA1",1358.5296649309,-0.301377033318145,0.104762293192378,0.000286441580339257,0.012160967927873
"9","ADGRA2",1779.92382380571,-0.305376744463023,0.117220148215497,0.000609577922088402,0.0204035428353567
"10","ADRM1",12486.2904101415,-0.278773070685726,0.08658977028178,0.000107110696000579,0.00621664147920602
"11","AGO4",559.840131999416,0.290614530663718,0.133844324412522,0.00176858360603929,0.043359983641661
"12","AHNAK2",590.639819743132,-0.311862848296486,0.13537825864422,0.00125299872344613,0.0344121933791195
"13","AJM1",776.060150478053,-0.334977348563214,0.143672456731904,0.00103921411361366,0.0300835889105557
"14","ALDH16A1",1699.89857647508,-0.533659206834415,0.128884360764163,1.87873513051672e-06,0.000299125098753351
"15","ALDH1A1",73.270994087917,1.14932740049315,0.331523129535286,2.00602174771709e-05,0.00179325089129573
"16","ANKRD13B",1012.43891322918,-0.463733584923641,0.121155284242945,7.20829451947687e-06,0.000824912945002388
"17","ANKRD46",561.401312314583,0.296355467544811,0.130637527299094,0.001394735317917,0.0371093710432037
"18","ANTKMT",1195.9936173225,-0.347736801755595,0.116386206167684,0.000174942320984876,0.00862414404118749
"19","ANXA1",802.610569162018,-0.469346613779705,0.110794209843194,1.27122280256449e-06,0.000237738842219282
"20","AQP3",537.650646306737,-0.368093148737829,0.133055698470317,0.00031710679666226,0.0129727509662318
"21","ARFGEF3",382.841280280873,-0.47152606356195,0.16200911864678,0.00017358708673903,0.00861706572719466
"22","ARHGAP15",112.256119535437,0.539431790711577,0.276284307312825,0.00156802884559173,0.0404256364524328
"23","ARHGDIA",19788.7711699517,-0.320908110692341,0.0888982791861913,1.78603872342342e-05,0.00165917183858229
"24","ARHGDIG",92.3547389541973,-0.578780875858689,0.308978074501914,0.00185926127283224,0.0445949960965803
"25","ARHGEF1",7154.30641282394,-0.368013249863503,0.0859211624471359,1.19001047546145e-06,0.000229847597080111
"26","ARID5A",2016.81292218285,-0.402179044485884,0.0991977549896436,3.11678182964562e-06,0.000447828335571765
"27","ATP13A2",2509.06977764835,-0.409410325825133,0.0899132384767066,3.43961594361686e-07,8.27052143830486e-05
"28","AURKAIP1",6828.06210629818,-0.314236347255854,0.102523826708636,0.000143548872381275,0.00768769461089175
"29","AXL",1632.08040636006,-0.332285340840878,0.0872264185223598,1.01646164018656e-05,0.00107883120338491
"30","B4GALNT4",2543.01692756363,-0.29585318657254,0.0989767464778339,0.000208871736026664,0.00968868816482738
"31","B4GALT2",7966.80583141645,-0.338940149387171,0.0941916497236647,2.25727070932567e-05,0.00195552672774081
"32","BCAT2",1889.37741149225,-0.289883843146028,0.104663650311767,0.000411889806048013,0.0156312775432617
"33","BCKDK",4367.89885881683,-0.289981956275569,0.0911185431732875,0.000114151930311703,0.00643511025326546
"34","BRAT1",4183.30373378926,-0.334652151978606,0.111633257121937,0.000177536391537048,0.008679393216139
"35","BRICD5",166.764435295697,-0.446410763434098,0.233510395823249,0.0020074514021727,0.046467175678583
"36","BTD",488.812572660327,-0.304046853965508,0.131257679444971,0.00124794773510761,0.0343535519042942
"37","C1QTNF2",3764.92874071774,-0.286282542160797,0.0920319142585076,0.000147298598201638,0.00781774425792731
"38","C1QTNF3",1037.51987948144,0.464207235152446,0.106930043535327,7.74873108179355e-07,0.00016032739835492
"39","C8orf82",1632.37111912277,-0.335333992893642,0.0991655639743213,4.92355876388792e-05,0.00337263775326323
"40","CAPN15",16039.8666911513,-0.289534754617587,0.113628090265643,0.000783540784716968,0.0243146666311831
"41","CARD10",8264.80307102006,-0.299897950362563,0.0862809787508259,3.68866067597849e-05,0.0026180602460469
"42","CASKIN1",753.438649364993,-0.432000797062593,0.131611188078363,5.64975083781845e-05,0.00373962721186387
"43","CASKIN2",2367.42182921332,-0.263423060396852,0.0959600737659642,0.000488468184067877,0.0177627535329868
"44","CASZ1",939.093277747978,-0.398412438656167,0.11480426772539,3.07709753699551e-05,0.00232399763980007
"45","CAVIN1",2226.24500178837,-0.444762851173934,0.0979191089059278,3.4314520833489e-07,8.27052143830486e-05
"46","CBARP",3671.42128029492,-0.451162280167075,0.106656112628268,1.39762441180229e-06,0.000250122666229028
"47","CBLB",2300.95580705629,0.319790787802676,0.0847343244921853,1.15259149745742e-05,0.00115881234768645
"48","CBX6",5562.53470839288,-0.390346414986254,0.0781615537062166,4.39470164173755e-08,1.67027015299845e-05
"49","CCDC85B",2226.99723887293,-0.323501504185733,0.130156942090118,0.000786274655107855,0.0243146666311831
"50","CCN1",2603.13592710011,-0.392819070641323,0.0810554749173252,8.52292956993246e-08,2.86906160551269e-05
"51","CCND1",2633.35726654757,-0.498334580946329,0.0829240366633724,1.1592779006222e-10,1.24169202046644e-07
"52","CD276",7766.99298289142,-0.428918823357829,0.0849588146411213,2.96098317639169e-08,1.24593942086596e-05
"53","CD320",3761.89091663669,-0.329922178776872,0.100321298527439,6.98837779960692e-05,0.00437299312554997
"54","CDC42EP1",1699.56186451563,-0.36798820688766,0.113956914253801,7.70942530307199e-05,0.0047308567146247
"55","CDH15",19983.0139153109,-0.275288146015013,0.103256999116882,0.000589837673806202,0.0199550169412206
"56","CDT1",2304.13319639096,-0.306612344686053,0.103834160042057,0.00022399412403913,0.0101503798824194
"57","CEROX1",5561.38153242506,-0.303485110213674,0.108524970637816,0.000362391102544877,0.0143205105196168
"58","CHID1",4164.90368532853,-0.28896718231988,0.0960032525066809,0.000201725882633277,0.00939420691377576
"59","CHMP6",1760.90203120166,-0.304036924772056,0.104801866466127,0.000264133063218414,0.0116119990702961
"60","CHPF",14469.7617580931,-0.325120438555119,0.0973896960912274,5.92806786341122e-05,0.00383760964652258
"61","CHST2",1340.03993414559,-0.389226081393091,0.103533679799163,1.06340338578334e-05,0.00108947988619994
"62","CHSY3",666.172533701107,-0.314355429121769,0.120755848922025,0.00058724938532883,0.0199394013197241
"63","CLASRP",5026.11610664211,-0.395405418657661,0.098585192827987,3.89047897667706e-06,0.000539266156508342
"64","CLIP4",655.001287392051,0.299884847110742,0.124445304838913,0.000975006215423564,0.028935826776122
"65","CNOT6",2749.28219678356,0.342888153001123,0.08757338436621,6.06566101849275e-06,0.000736758949689501
"66","COL18A1",10738.776264764,-0.499912843153907,0.108404410981287,2.33101648707504e-07,6.69854542700441e-05
"67","COL1A1",1024.21414677451,-0.283681305269917,0.125767339825149,0.00157497334454954,0.0404899471539264
"68","COL27A1",1961.92985971242,-0.387112783414886,0.0828103125908488,2.0088879236975e-07,5.91717937925099e-05
"69","COL2A1",923.141113315021,-0.400826389593728,0.123559585259213,6.72843971388756e-05,0.00427876053484342
"70","COL6A2",6799.23499091012,-0.30285164966554,0.109743939689378,0.00037355757966188,0.0146221109753364
"71","COLGALT1",9366.20953905644,-0.270758040144138,0.0741917833913589,2.35647064296237e-05,0.00199740554786926
"72","CORO1B",3373.1014605066,-0.355569125264897,0.0993652596945952,2.29034768877156e-05,0.00196969901234354
"73","CPZ",4535.6581157445,-0.634424836621214,0.091382653861777,2.24682993569718e-13,3.78173575748345e-10
"74","CROCC",2139.81323886306,-0.398992456314986,0.102950892053377,6.7847992675182e-06,0.0008074596461606
"75","CRTAP",3694.27131298458,-0.290932823432751,0.0792288136807962,2.00907416101712e-05,0.00179325089129573
"76","CSRNP1",505.96051108631,-0.293385872143124,0.134357129214602,0.00176823267193763,0.043359983641661
"77","CTSD",14428.6293422501,-0.50633359652851,0.0873052584880346,4.04958026233629e-10,3.67016574237278e-07
"78","CTU2",806.450424071325,-0.288655237864735,0.131201714149034,0.00176026749646216,0.043359983641661
"79","DAG1",11086.4889872799,-0.324651285889646,0.0697511450606289,2.69017464167221e-07,6.93819697643409e-05
"80","DCXR",2254.3589165007,-0.294266529727121,0.103885354507939,0.000336535960813986,0.0135449912488238
"81","DDOST",11751.6990147142,-0.300748539777213,0.0706876104648236,1.82155142515888e-06,0.000293993409468794
"82","DDX54",3862.31513577232,-0.321237002303591,0.101765008763825,0.000111717879455032,0.00638961192106402
"83","DICER1",5136.30163226488,0.323745167109165,0.103516266870677,0.000113485407811421,0.00642829362901042
"84","DLK1",395.544144035605,-0.695478110180552,0.154941801246758,3.55369374618628e-07,8.37392394351336e-05
"85","DMBT1",958.794192125027,-0.758197911694937,0.0984579388384241,7.55984391551412e-16,2.22675202531468e-12
"86","DOHH",1159.58491078675,-0.329382425245985,0.141726891065987,0.00114465677199357,0.0323413575242884
"87","DOK7",2754.90525966352,-0.54231325744312,0.12040583604773,3.71182155126442e-07,8.57503559156811e-05
"88","DPP7",2522.20858638521,-0.447032963526416,0.106221711670694,1.53203533206309e-06,0.000261600583802425
"89","DRAXIN",3047.47725754521,-0.340698052125645,0.0798321848019311,1.46597762050794e-06,0.000257793258579471
"90","DVL1",5858.19224762837,-0.276128887897365,0.105709113830357,0.000661106227882713,0.0216555616895875
"91","DYSF",3061.88104883663,-0.736029941519496,0.0801402566863862,2.42505152901159e-21,9.52398570493817e-18
"92","ECM1",10733.2892570806,-0.399992588075149,0.097518696369574,2.62502236886751e-06,0.000391493842405025
"93","EFEMP2",2183.39395060152,-0.30484372805309,0.102950736608766,0.000219832850457689,0.0100780958914105
"94","EFHD2",9429.87992727949,-0.494769895661734,0.0769436579008531,7.94885538886676e-12,1.04059349101809e-08
"95","EFR3A",925.159699765146,0.274452821923972,0.113294433642628,0.00106983021618361,0.0307067774029143
"96","EGFL7",3647.01015240187,-0.429585566516194,0.112322578983215,7.74133394842099e-06,0.000877003813272078
"97","EHD1",6524.41983031441,-0.327439283853081,0.0851736875914339,9.03489772229e-06,0.000967719681491098
"98","ELFN1",1296.18090455253,-0.388243014804994,0.128205626702382,0.000140070362062232,0.00757022479732671
"99","EML3",1111.3724652816,-0.291222321479175,0.116403579025746,0.000834076209971469,0.0255913695465725
"100","ENGASE",3377.60730679641,-0.298790800422093,0.0841361089888735,3.07298697499617e-05,0.00232399763980007
"101","EPHA3",247.893619339822,0.436365968314889,0.202050576407042,0.00117422237574068,0.0329397334070873
"102","EPHB3",1454.9448828527,-0.312684672971416,0.0946765622139686,7.01490155091618e-05,0.00437299312554997
"103","EPN1",13555.4560040312,-0.376384560832323,0.11396152402767,5.82159111103992e-05,0.0037945785710614
"104","ERFE",2022.10438170616,-0.451848222489445,0.0867562058877562,1.1934331050224e-08,6.39137674698812e-06
"105","ETV4",669.515245415719,-0.286436281295436,0.120834068925618,0.00119193506505489,0.0332781491385705
"106","EVA1B",1477.14507305836,-0.273610145186851,0.128424904742665,0.0022032891640313,0.0497301780280016
"107","F12",387.595824178905,-0.495996824149083,0.152378979283976,5.59753670740962e-05,0.00372599872806215
"108","F13A1",96.6710865458373,-0.652257756891443,0.272034056904646,0.000591096665463078,0.0199550169412206
"109","FADS3",3342.23156919994,-0.312634796170175,0.0874971328822459,2.71850848611955e-05,0.00216415317455814
"110","FAM174C",1931.65750722943,-0.331054323177384,0.110189509731936,0.000176296598738364,0.00865469385973083
"111","FAT3",524.484679629178,0.535890966105521,0.163405223074379,4.54132867722585e-05,0.00314740791029853
"112","FBRSL1",11613.9424366512,-0.513710552958524,0.107490658376449,1.02758655668124e-07,3.27216886778876e-05
"113","FBXW5",4469.99392672931,-0.266838775396199,0.102928074859139,0.000754447581082672,0.0238514982854715
"114","FCRLA",3706.09564984175,0.585720451557613,0.0816180039715472,4.26377774229845e-14,8.37263822662672e-11
"115","FDX1",1142.50600416978,0.292673860198253,0.104277830827783,0.000351165134391734,0.0139777959912277
"116","FERMT3",13272.3663692897,-0.356134796566072,0.0877084378938984,3.45646231957242e-06,0.000490651072881955
"117","FGF8",1337.85319397815,-0.308726470820858,0.102865452777995,0.000190669789996338,0.00902197375797932
"118","FGFR4",48534.519761505,-0.471540014814449,0.085217322352654,1.98767892559173e-09,1.30104628340676e-06
"119","FGGY",1261.27438553934,0.314993647400424,0.104810693095132,0.000174067360641006,0.00861706572719466
"120","FHOD1",447.560423297214,-0.393676612407185,0.140454955798987,0.00026896871473889,0.0117132792415294
"121","FIZ1",2073.97902302651,-0.269374639485509,0.102056789752131,0.000649973904880238,0.0214509595162436
"122","FJX1",1845.01532593829,-0.285788176450913,0.102204453390895,0.000393176995432956,0.0152884863372643
"123","FLRT3",134.670916953097,0.629584408509906,0.249964957842434,0.000413248940310175,0.0156312775432617
"124","FOSL1",318.093921615244,-0.516416522235985,0.161708456610412,6.7547908630188e-05,0.00427876053484342
"125","GAA",8862.89640482025,-0.449851687910822,0.107396810969032,1.68686391503847e-06,0.000276036536763657
"126","GALNS",1310.18802272163,-0.313136738796593,0.10201325194008,0.000150602342732387,0.00785438302963132
"127","GALNT17",817.411829271889,-0.298715262648227,0.120918722110131,0.000881398813911862,0.0268336972235389
"128","GAS2L1",2255.22337494941,-0.340762930699817,0.128141598677063,0.000467193587743195,0.017147896731434
"129","GBX2",1127.38328312741,-0.305526481869599,0.101777683795311,0.000192120403118391,0.00905425035816355
"130","GDF15",1974.57741551359,-0.398359631154195,0.119961191549762,5.25548011960077e-05,0.00355862452696185
"131","GGT7",1667.33525416025,-0.264406936819872,0.104417986349081,0.000891758527153655,0.027009508912402
"132","GLIS3",402.508532225351,-0.348038630118186,0.153313480318298,0.00118862280382255,0.0332644985145779
"133","GPC1",11878.8873136304,-0.374959592316876,0.0954859869764241,5.61151330081052e-06,0.000708507490852011
"134","GPRC5C",520.279285681002,-0.350332919010019,0.131119567536492,0.000434214781088815,0.0161896156670519
"135","H2AX",19322.315349771,-0.395081375595701,0.100016052513546,4.85689261028156e-06,0.000642965266677948
"136","H3-3A",3508.7447736041,-4.89332223861276,0.0965988691814237,0,0
"137","H3P6",601.623108990461,-4.96748617860921,0.163493559558076,1.49563813391784e-203,8.81080424691001e-200
"138","HAGHL",1951.57654676643,-0.448281042800926,0.106616395276712,1.56056375400392e-06,0.000262665173566773
"139","HELZ2",3190.37314491552,-0.308118616693638,0.104256904144432,0.000221191396019629,0.0100828733916943
"140","HES4",776.752558426023,-0.297597912604364,0.140724689150912,0.00208505831993294,0.0479281927859427
"141","HES6",3917.49994823464,-0.425598900146581,0.0949135768032471,4.45021805514943e-07,0.000100831671395713
"142","HEXB",729.982860939452,-0.437727204107478,0.109399854602178,3.70825395304423e-06,0.000520126762794847
"143","HGS",6114.33317910254,-0.292478283990134,0.0966618975504028,0.000193376814589533,0.00907715390236606
"144","HMCN2",502.685339922336,-0.566109675607152,0.133386166325977,1.14535556201043e-06,0.000224909653860116
"145","HPCAL1",3820.12337677854,-0.305223723894568,0.0784980418419544,8.42045519801811e-06,0.000927194421897658
"146","HSD3B7",289.086631857244,-0.389437187986368,0.187481659051119,0.00162779119002225,0.0414225395266568
"147","HSPB8",1026.22931686301,-0.266598398006217,0.10186988612186,0.000700695888813824,0.0224948200599577
"148","HSPBP1",3167.07064274984,-0.296666251561435,0.108318252603943,0.00043800249591041,0.0162640746394901
"149","HSPG2",52048.5030918365,-0.390558420001068,0.106390764923419,2.53223441184375e-05,0.00208784493188603
"150","IER5L",337.372087946049,-0.460733576481598,0.147484701454207,9.07701795849931e-05,0.00542870180644867
"151","IGFBP2",6674.03426884342,-0.302062460481444,0.0820120015613708,1.77592286243765e-05,0.00165917183858229
"152","IGFBP6",466.284001512727,-0.431526877592792,0.145346792155054,0.000152949479243351,0.00791727421442534
"153","IGSF8",2028.49779977431,-0.287331095267875,0.108801027231259,0.000557509094619727,0.0192063513240047
"154","IL17RA",2303.90809585026,-0.279488922709879,0.0902773576178639,0.00016027992222383,0.00816371498257409
"155","IL1RAPL2",586.348202861325,0.595440623050246,0.121733997062955,5.00040502145321e-08,1.84108662383631e-05
"156","IMPG2",662.810087371356,0.540936168071889,0.142540056555612,6.92008550647246e-06,0.000815324474372586
"157","INF2",3048.88119502317,-0.263725838005897,0.0931649089286668,0.000402410713783496,0.0154436580775152
"158","INHBE",291.692094112686,-0.666921710095567,0.15886891244297,1.32125767658578e-06,0.000243235280398963
"159","INPP5E",2931.53434578344,-0.47216598510845,0.11208090127496,1.40112849865183e-06,0.000250122666229028
"160","INSM1",1259.71201328455,-0.40969882589576,0.107444848470293,8.34065051764043e-06,0.000927071173573958
"161","INTS1",11905.934197948,-0.296936741838673,0.107700474040864,0.000403799441342019,0.0154466396684795
"162","IRAK1",7839.08083931175,-0.407768507814686,0.0825331902658964,5.23406633938587e-08,1.86872029123165e-05
"163","IRF2BP1",5221.09175105244,-0.395392133276434,0.101270501726519,6.01167937532075e-06,0.000736758949689501
"164","ITGA5",11996.9544490511,-0.266599380560532,0.0742252085273982,3.03515598071267e-05,0.00232399763980007
"165","ITGA6",4719.37437127922,-0.317174025707628,0.0885585982620019,2.56625841800093e-05,0.00208784493188603
"166","JAG2",1381.52112796399,-0.324659905548145,0.113148225111687,0.000269419340897511,0.0117132792415294
"167","JMJD8",1817.4138804687,-0.391708844348499,0.10056634892255,6.25429499485414e-06,0.000751919424789505
"168","JSRP1",3041.13972270887,-0.616636779883572,0.118703470413849,1.04404257404197e-08,5.85757600350593e-06
"169","KCNC2",761.508772314012,0.584278551382318,0.11398848101616,1.50639610547989e-08,7.439069394335e-06
"170","KDM7A",139.083502688886,0.608655367396674,0.24915284302704,0.000505890041513807,0.018171940454621
"171","KIAA2013",6084.33167150462,-0.278654669395893,0.0846330762859763,8.39625911122011e-05,0.00505174866504528
"172","KIF1A",4902.23955597621,-0.29490057561601,0.0767330123057741,1.05916660340349e-05,0.00108947988619994
"173","KIF26A",4098.76498275144,-0.333532140654026,0.117895576363342,0.000310443715157537,0.0128790417323454
"174","KLHL29",3092.24811587841,-0.426026363028829,0.0926400699683128,2.69318889131976e-07,6.93819697643409e-05
"175","KLHL30",433.581133675959,-0.345451576000257,0.151960621061821,0.00119770111695795,0.0332814022641476
"176","KLHL41",3609.11835198182,0.294892520026411,0.0837760016619318,3.30869320037991e-05,0.00246727995486558
"177","KMT5C",3957.37945673226,-0.334226211718489,0.105145890921618,9.97238847404987e-05,0.00590425532669626
"178","L1CAM",10673.0056764257,-0.318615339057847,0.0834310859333456,1.03499637219026e-05,0.00107914400505714
"179","LAMA5",7217.77071724332,-0.399248457099169,0.110664761735939,1.886859187433e-05,0.00171007499587197
"180","LAMB3",1579.14618667847,-0.330951673209273,0.0906557104850586,1.88030463737585e-05,0.00171007499587197
"181","LEMD2",3269.757155397,-0.31795557859922,0.0944840088157189,5.54559236293334e-05,0.00371239597841367
"182","LFNG",3325.91967388515,-0.310589543768473,0.0777135957292146,5.10817126451552e-06,0.000668716375983576
"183","LIMK1",6425.60530412967,-0.272671462403112,0.09062508356186,0.000221648634225839,0.0100828733916943
"184","LINC00972",67.4660594572364,0.776335310535506,0.365207191292615,0.000963784327743941,0.0287381866068376
"185","LOC100129503",328.2477940293,-0.331779567546981,0.162582211518923,0.00204894289379074,0.0472419670736645
"186","LOC100130698",98.2990824291249,0.96912047226408,0.26485763015396,1.02553976217205e-05,0.00107883120338491
"187","LOXL1",5295.51266499535,-0.504495580981187,0.0988285684038382,1.98021866079016e-08,8.97343702362681e-06
"188","LOXL2",10495.6865226796,-0.580802309469098,0.0783128161979011,7.28550737007487e-15,1.71675695668444e-11
"189","LOXL3",1683.21468162526,-0.263466066959957,0.0942084400794847,0.000442987784459569,0.0163613858197575
"190","LRFN4",2179.28723034777,-0.501551534129739,0.100545524620644,3.51121606004937e-08,1.42652233170695e-05
"191","LRRC10B",1979.58510940067,-0.271320544038844,0.0954798177489867,0.000364637001857499,0.0143205105196168
"192","LRRC17",293.685014868071,-0.541890823480554,0.156260221984819,2.55554283499961e-05,0.00208784493188603
"193","LRRC4",389.289365423674,-0.325678219678564,0.151629448382957,0.00165590321748924,0.041996730042493
"194","LUZP2",659.809127813009,0.401459457119584,0.121422133431394,5.13324313795846e-05,0.00349594628042929
"195","MACROD1",1697.88993606441,-0.415904710450675,0.109363057990552,8.6136390285147e-06,0.000939684213277409
"196","MAFG-DT",375.920657238639,-0.459093534035779,0.168276544300954,0.000296293548811477,0.0124676092574886
"197","MAN2B1",3282.27462522796,-0.371823799512511,0.0908092023106149,2.87080453530204e-06,0.000422797737936609
"198","MAP1S",3962.37411297052,-0.333927818900886,0.117897511019043,0.000276419693474089,0.0118860468193858
"199","MARCHF9",1384.107527288,-0.348872541017324,0.101473777391585,3.60052706100841e-05,0.00257099453532127
"200","MAZ",11249.8071032449,-0.280472048836709,0.0960739938248547,0.000272270111648474,0.0117937002038321
"201","MCAM",17826.897432678,-0.372555626966717,0.0695712984887722,6.21403583394531e-09,3.66068850977718e-06
"202","MCF2L",580.330314098603,-0.332999955380253,0.133767959932921,0.000739081839769884,0.0234713267821261
"203","MED16",2549.33325261197,-0.283008368778983,0.108416320227306,0.000662033062857111,0.0216555616895875
"204","MED25",4391.19344897818,-0.268214181609875,0.0855360092065596,0.000148821022831539,0.00782772004911247
"205","MEGF8",7574.54514511946,-0.302043219279092,0.0914305832078864,7.36090318295428e-05,0.00456453480534565
"206","MELTF",3691.54616424123,-0.295656544032858,0.105827677096973,0.000376130722614704,0.0146740800458492
"207","MFSD12",1670.24446179842,-0.274796745527072,0.105783933173003,0.000708827723906751,0.0226940441387754
"208","MICALL1",2855.82893354821,-0.315016685204887,0.0921470335444872,4.66280021003832e-05,0.00321269661255389
"209","MME",1464.46855043052,-0.468119331748836,0.101951905447765,2.63165785794899e-07,6.93819697643409e-05
"210","MMP23B",226.90811201384,-0.679684766308678,0.197158963339599,2.54299554340963e-05,0.00208784493188603
"211","MOGS",6245.27265370723,-0.316473203528176,0.0901995704024858,3.37212610588823e-05,0.00249876665280346
"212","MRC2",3513.718121588,-0.31678016741058,0.0949008483024487,5.82938992838325e-05,0.0037945785710614
"213","MSTN",3755.89048595469,0.415982029616969,0.0957673367088417,8.9028522751817e-07,0.000180850699148605
"214","MYL4",853.44225548015,-0.381804496900466,0.127392663905248,0.000150661225997002,0.00785438302963132
"215","N4BP3",12036.5937333951,-0.291656914307866,0.0819085898815174,3.05996717475009e-05,0.00232399763980007
"216","NABP2",2214.82930945926,-0.268175823973458,0.0922778540621103,0.000305628364384791,0.0127691964155376
"217","NBEAP1_1",79.569579854441,0.648170679820687,0.340116395060715,0.00156596930148515,0.0404256364524328
"218","NCLN",6598.51559824064,-0.33637936561265,0.0943479122158177,2.56949172571274e-05,0.00208784493188603
"219","NDOR1",4672.51676973555,-0.272065527925393,0.116587870826021,0.00139530227229157,0.0371093710432037
"220","NDST4",303.819122332478,-0.553563331743412,0.163580225058252,3.41101880522334e-05,0.00251178897269634
"221","NGFR",14040.0186830067,-0.326455762250078,0.0792118751757016,2.91206811408323e-06,0.000423580080495414
"222","NIBAN2",13396.6106385466,-0.382605332467283,0.0799714896636068,1.19912502443497e-07,3.71791869418233e-05
"223","NKAIN4",643.129228139704,-0.444674470811401,0.125471479054917,2.18342449350761e-05,0.00193094000209568
"224","NOXO1",412.302125163351,-0.48217120076899,0.166857141884695,0.00018181239231855,0.00877915412416867
"225","NR2F6",3026.58708239943,-0.290815748126232,0.093976231724421,0.000153211553292223,0.00791727421442534
"226","NRXN2",279.730025017725,-0.55141946685169,0.161424990305154,3.04539025823619e-05,0.00232399763980007
"227","NTN1",1200.51761401083,-0.54411423314015,0.105647701794432,1.5153426028182e-08,7.439069394335e-06
"228","NUAK1",998.64506624952,-0.479892611854099,0.110335324011943,7.75646045342933e-07,0.00016032739835492
"229","OGFR",7527.54405819023,-0.311282114861677,0.0977298557006744,0.000105571234420758,0.0061576251680464
"230","OLFML3",1539.02695090871,-0.446753506906273,0.0973104556222393,2.70885300387004e-07,6.93819697643409e-05
"231","OSGIN1",966.079838125263,-0.344387287677447,0.130243058321426,0.000474964149421516,0.0173789677282121
"232","OTUD1",929.456334690123,-0.589771805742129,0.13328498048306,5.17358837166498e-07,0.000112880033694364
"233","P3H1",6466.97054979201,-0.270991525517432,0.0858149336106991,0.000137135650691586,0.00744577067487678
"234","P3H3",2221.0181637979,-0.344320885624547,0.0915503359683264,1.17566141683934e-05,0.00116400359774799
"235","P4HB",37257.1360789203,-0.374055846630447,0.0817595609708372,3.3484580682562e-07,8.27052143830486e-05
"236","PAK4",9732.12784566026,-0.316147114802732,0.0962808104860611,6.69602061087858e-05,0.00427876053484342
"237","PBX1",1250.36571724674,0.269641430146143,0.110341136866655,0.00103333595319948,0.0300835889105557
"238","PCDH9",331.32179282686,0.350922657203988,0.170307103695019,0.00176872517046569,0.043359983641661
"239","PDGFA",5037.03086336851,-0.356984643307727,0.0906060371590811,5.65266543372e-06,0.000708507490852011
"240","PDGFRB",1143.43903432733,-0.309272200890961,0.0988892558930616,0.000121919099857435,0.00677571148358632
"241","PDIA4",17966.6076632648,-0.273287423606137,0.0710069894844034,1.10097764118789e-05,0.00111825160073067
"242","PDIA6",13503.8514146203,-0.332398868426751,0.0661668035065933,4.0381177238369e-08,1.58590343407488e-05
"243","PDLIM7",9574.85433395428,-0.274816066549029,0.0929523204211073,0.000255094162133496,0.0113864861325182
"244","PDZD4",1124.68298704558,-0.313141375289118,0.117403038116618,0.000491664618082667,0.0178239770161538
"245","PDZRN3",2475.08156710252,0.27929370792862,0.0903704506644905,0.000154914709503935,0.00793567437989289
"246","PGAP6",8673.93963891232,-0.365014803601729,0.0926720715684244,5.58869357173088e-06,0.000708507490852011
"247","PHF19",3667.86911260925,-0.304203667259448,0.0860915388365123,2.68694934762841e-05,0.00215358076284067
"248","PIGT",5274.72014486856,-0.319102369186652,0.0882641276165522,2.21621718578193e-05,0.00193418302836168
"249","PIK3R1",960.647072029901,0.263211811738762,0.115130877806035,0.00158426970276354,0.0404899471539264
"250","PIM3",2671.02094288933,-0.264357890908107,0.0947150729419589,0.000438972647713279,0.0162640746394901
"251","PITPNM2",334.527206334254,-0.343743845359082,0.163753192347523,0.00175209450329775,0.043359983641661
"252","PKD1_1",362.637882179666,-0.43523556978159,0.161373273808765,0.0003368428480653,0.0135449912488238
"253","PKMYT1",4497.88361565512,-0.371787127408614,0.117914468164985,0.000101711415323756,0.00599181947672244
"254","PKN1",3825.95345613391,-0.285423339006929,0.10234362770561,0.000398773383600951,0.0154044196904472
"255","PLAT",5897.66301847461,-0.341716615331544,0.0714833505585575,1.24070963913233e-07,3.74821563288644e-05
"256","PLEC",29668.9820626986,-0.274418033387455,0.0945989723637712,0.000316598416540607,0.0129727509662318
"257","PLXNA1",11419.4142066644,-0.29705107159724,0.0936133883461387,0.0001153020957968,0.00646899663179949
"258","PODXL",2493.60107521364,-0.438567689563775,0.091047387497249,9.19092956607815e-08,3.00798700409813e-05
"259","POLM",615.640229586619,-0.425217518207127,0.123118742965415,3.11326356708798e-05,0.00233633575461341
"260","POLRMT",6116.8421035827,-0.345153124263429,0.0963419021059492,2.35077071416079e-05,0.00199740554786926
"261","PPM1F",6162.42017169171,-0.313514910162858,0.0752321440001194,2.34241217753304e-06,0.000363135529943345
"262","PRELID1",8218.94162835432,-0.327260527500139,0.0923959841075433,2.88225218457985e-05,0.00227910706300133
"263","PRKG1",857.312381737292,0.310614684347632,0.134415169841558,0.00116956455948261,0.0328873738420623
"264","PRR7",1277.83619320747,-0.36615595378873,0.117189988004354,0.00010833976740669,0.00624817858485447
"265","PTGS1",289.744278414947,-0.43913800541099,0.162799753521217,0.0003312571628538,0.0134119309028985
"266","PTPRF",6188.84975436783,-0.330242127517703,0.0874015743186989,1.16058272811918e-05,0.00115881234768645
"267","PTPRU",2735.6591772616,-0.307995278593034,0.0891855677665639,4.22916145815906e-05,0.00296595120833512
"268","PUSL1",1332.76895483767,-0.512769078677899,0.130633112982366,4.67860233221652e-06,0.00062640105316108
"269","PWWP2B",594.529340918432,-0.317155364222243,0.13785932573526,0.00123628983990289,0.0341924105486758
"270","PYGM",403.382325897551,0.571938071724621,0.146355802197619,4.35429153944342e-06,0.000589681182962326
"271","QSOX1",2996.25867567701,-0.318156086839844,0.0911099163744472,3.51781324185293e-05,0.00255759680312494
"272","RAB15",1292.05374694885,-0.390992350200906,0.0928306498198143,1.66095489098821e-06,0.000275624936980607
"273","RAD23A",1878.6046523357,-0.296507319761772,0.0980445382398934,0.000180441916437371,0.00875237570069427
"274","RBMXL1",2044.6946037711,0.287696048031775,0.101657157455043,0.000342617123238875,0.0137303229455797
"275","REXO1",2237.73485364207,-0.318813152939334,0.098160589836358,7.76667324448787e-05,0.00474129244386301
"276","RGMA",10857.1794312074,-0.450010321985611,0.0873177574502945,1.62616638012439e-08,7.66379691625023e-06
"277","RNA45SN2",80.2199410209977,-0.649572528026774,0.321161469508853,0.00134791591824067,0.0362690302178765
"278","RNF208",217.340823917222,-0.478841656435879,0.198561051035125,0.000663525527918952,0.0216555616895875
"279","ROBO4",396.085557522737,-0.367063786462881,0.147913735530055,0.00068025726619016,0.0221403069343991
"280","RPS6KA4",2272.51624650054,-0.26771060457216,0.0924771496975019,0.000316869482918794,0.0129727509662318
"281","RTN4",20332.9931573024,-0.36525549820106,0.085209493600286,1.23570046412008e-06,0.00023482294948811
"282","S100A16",698.0269153408,-0.520024416777801,0.116919622886629,4.84575434648488e-07,0.000107722033415632
"283","SALL1",319.473664882862,-0.419566795628848,0.154026386840795,0.000318860656887502,0.0129993642195451
"284","SAPCD2",6164.59645886585,-0.378003874034378,0.0921103528037775,2.52225987457835e-06,0.000380990587721565
"285","SARDH",1375.25135029474,-0.308639840205365,0.107539123528171,0.000283511310241297,0.0121466554809562
"286","SCAF1",17496.7375655156,-0.341293414093287,0.0928164966333163,1.69292736394301e-05,0.0016085540485465
"287","SCAND1",1042.99426213496,-0.407453249336743,0.13214577784963,0.000113040410628614,0.00642829362901042
"288","SCARF2",3421.22297446309,-0.365761071558836,0.105859857811095,3.53834899770298e-05,0.00255759680312494
"289","SCN3B",576.034720322673,0.681083847102129,0.119090624599283,5.32011322265441e-10,4.47725528495102e-07
"290","SCN4A",4236.37182898414,-0.431857482056876,0.0851362147568521,2.54356257968821e-08,1.10993534495876e-05
"291","SCN5A",1233.37808300929,-0.455373854802932,0.0928712944436567,5.72186204243226e-08,1.98279348776285e-05
"292","SDF2L1",1767.31250368586,-0.365558075840432,0.105939122024747,3.58314121399439e-05,0.00257099453532127
"293","SDF4",11675.9465192803,-0.315091231147311,0.0845284552172397,1.49582077087423e-05,0.0014445705182328
"294","SELENBP1",879.927092949155,0.346828607030106,0.108383063051036,8.40385960234998e-05,0.00505174866504528
"295","SEMA6B",49997.9466834753,-0.58005465009343,0.237990015762425,0.000603570473548275,0.020260020852837
"296","SERTAD1",504.414180458898,-0.514797564173947,0.151692766453494,3.5264833301733e-05,0.00255759680312494
"297","SF3A2",6978.28930598037,-0.295167862778854,0.109373634301295,0.000495775027145202,0.0179178569626527
"298","SGCA",2809.99669108714,-0.410289258179435,0.0997106338377037,2.43647433800958e-06,0.000372812216239336
"299","SH2B2",2313.74892833688,-0.435199420537922,0.105679385806948,2.30894091312286e-06,0.00036271922451218
"300","SHD",6200.64852123526,-0.272655301012596,0.0933414250763979,0.000286941867590282,0.012160967927873
"301","SHISA2",1937.46111719586,-0.589990583940222,0.0884578447351947,1.51341213151688e-12,2.22887771669148e-09
"302","SHISA4",786.975996412008,-0.288024688966602,0.118713340290586,0.00103892674810621,0.0300835889105557
"303","SLC16A2",925.585122543695,0.322167951886284,0.109867841681505,0.000212957550652852,0.00981789758670459
"304","SLC16A3",69.3326238128578,-0.809544743460866,0.332018831145965,0.000508846310223367,0.0181733122721585
"305","SLC19A1",2923.80595607267,-0.297509197280903,0.0885705174862425,6.00022433920874e-05,0.00386309525489385
"306","SLC2A4RG",23597.9288213009,-0.407123111629351,0.0880896940787408,2.48388688364614e-07,6.93819697643409e-05
"307","SLC34A3",137.324412336902,-0.54557562709098,0.254638153979882,0.00113701446615407,0.0322026549043923
"308","SLC35D3",127.28504756398,-0.549204506072857,0.250024141404303,0.00100383608569465,0.0295679919041359
"309","SLC39A13",1301.15535255664,-0.264134729544979,0.116827394163392,0.00173453427221601,0.0432972093119684
"310","SLC7A5",6836.73542594489,-0.426500862923907,0.0760007242620067,1.31185309854483e-09,9.09191365120896e-07
"311","SLC9A3R2",1339.83586791683,-0.265763610822367,0.113923061447688,0.00145472033410416,0.0381726391456909
"312","SLCO4A1",1552.81804749234,-0.366759025303534,0.095281028506983,7.87834564579768e-06,0.000884025413321793
"313","SNAPC2",1540.41890537708,-0.336997083275189,0.105787551447218,9.61275014192446e-05,0.00572007182687646
"314","SNED1",866.681656204851,-0.518185029647859,0.118553308694143,6.84345583300369e-07,0.000146599266589908
"315","SOCS3",894.985019797023,-0.280055693976465,0.111704839604516,0.000842301623072713,0.0257766174624486
"316","SORCS2",592.396230049903,-0.478544294326423,0.125092811631429,7.12035746417699e-06,0.000824912945002388
"317","SOX6",452.054473972563,0.387664392184465,0.198175597252605,0.00191604610657704,0.0450595912728356
"318","SPEG",7754.56570839581,-0.306341848682618,0.0983024823253002,0.000132542938527888,0.00729729393334382
"319","SRF",2601.83274573787,-0.30594458212931,0.0831278982568858,1.84634686032285e-05,0.0016995045865878
"320","SSBP4",3148.27599218978,-0.37509312112638,0.101029938883378,1.3314846479007e-05,0.00129649191087323
"321","SSTR5",915.887476244754,-0.488547868458151,0.134938974283654,1.56702249982638e-05,0.00150102919454914
"322","ST6GALNAC4",633.359485241455,-0.385977266815656,0.130057609252927,0.000168768760864074,0.00849757923290819
"323","ST8SIA5",863.794479296385,-0.415070909507941,0.106011428209709,5.44785934137121e-06,0.000705348118242149
"324","STK35",2243.85727176191,-0.289981172934102,0.0814222137220608,2.95546691758315e-05,0.00232142074819765
"325","STMN3",858.734321697431,-0.456996288637683,0.108576460587229,1.4940746232425e-06,0.000258870400162399
"326","STUB1",2774.56837501195,-0.296196911554725,0.0923416404522257,0.000103402041837537,0.00606110874094461
"327","SUN2",7679.48880206061,-0.444623719864141,0.0774164402806585,6.118415588076e-10,4.80581149724743e-07
"328","SYDE1",3787.68991688056,-0.305585729476417,0.0982454561456339,0.000136139552822233,0.00744577067487678
"329","TAF1C",2700.82805457347,-0.306733247428942,0.120705247350645,0.000728702622010146,0.0232671390041288
"330","TCF3",10548.8258913839,-0.268115858375928,0.0867863552831072,0.000173456583229709,0.00861706572719466
"331","TEAD4",1682.67081070503,-0.27001132233876,0.100360947392651,0.000516146506828393,0.0182619764067631
"332","TFAP2B",2093.27665750456,0.463734864424273,0.0818002312308345,8.43647265639228e-10,6.21240755235086e-07
"333","TFE3",1879.71630320235,-0.276551878802184,0.0906282992207643,0.000186073146566175,0.00887576442446425
"334","TGFB1I1",1493.44964345895,-0.267584646939782,0.120775267823596,0.00189154072857943,0.0445949960965803
"335","THBS1",2188.21178665681,-0.291471013238709,0.0995244277264859,0.000256285209779836,0.0113864861325182
"336","TIMP1",3847.83923438382,-0.39162485597362,0.101445460386283,7.21151191098675e-06,0.000824912945002388
"337","TLNRD1",9644.53655789326,-0.375692535339278,0.105954412905924,2.51096988345287e-05,0.00208784493188603
"338","TMCO4",3246.69458931756,-0.269048861159591,0.0867025031922048,0.000160752153790289,0.00816371498257409
"339","TMEM168",820.506658919032,-0.42804049655438,0.110375985295247,6.02373297976111e-06,0.000736758949689501
"340","TMEM240",940.973746992106,-0.374368306694652,0.13212410999599,0.000257070557736364,0.0113864861325182
"341","TMEM54",3392.79762329606,-0.271833741023585,0.10062101531018,0.000511826803821379,0.0181733122721585
"342","TMEM63C",452.348236360525,0.323211584103541,0.153635218819447,0.0017701707801425,0.043359983641661
"343","TMUB1",3245.94241466726,-0.3779722031248,0.105629654423033,2.19611237719251e-05,0.00193094000209568
"344","TNFRSF12A",7892.87950398295,-0.300867765936947,0.0880739391258432,3.87158479737557e-05,0.00273143784926221
"345","TNK2",4297.0335432909,-0.269582075280774,0.121610999943622,0.0018712921715208,0.0445949960965803
"346","TNNT2",4217.90165781764,-0.265221499059958,0.0841946709858565,0.000142614276565542,0.0076725178378777
"347","TOMM20",3099.47846641039,-0.421491653853419,0.0788894001598877,6.11717542128167e-09,3.66068850977718e-06
"348","TOR4A",451.912265356298,-0.520915790669116,0.1457824840502,1.78844698268504e-05,0.00165917183858229
"349","TPRN",1956.98851358641,-0.302514426750279,0.107474827833664,0.000320958214099161,0.0130397575121252
"350","TRAPPC12",3149.86880805691,-0.392218127542737,0.121041840804086,6.86079573988671e-05,0.00432266820360135
"351","TRIM8",6458.50382416942,-0.273252762015078,0.089798475864508,0.000195165840091264,0.00912477749188602
"352","TRIM9",347.805283955982,-0.481052005425309,0.148010423359561,5.78125769911961e-05,0.0037945785710614
"353","TRMT2A",1140.08004091674,-0.279458331285458,0.119051712443982,0.00129104331462976,0.0352720825582637
"354","TRMT61A",1600.75496076826,-0.314559677853414,0.116190037023655,0.000446758387631497,0.0164490853846072
"355","TRNM",82.1332909011089,0.772840607207338,0.30949598126392,0.000413932998938859,0.0156312775432617
"356","TSPAN18",1973.89213971392,-0.271512278949253,0.088631522984923,0.000184468454635052,0.00887105033677624
"357","TSPAN8",220.819218330208,1.14776371898442,0.182277843550106,1.42237859793593e-11,1.67584646408811e-08
"358","TTN",4170.06471916272,0.491553535539338,0.115006220029213,1.09444306768904e-06,0.00021855471565275
"359","TTYH3",32087.4359996896,-0.291969908351668,0.081885406696622,3.04564643867311e-05,0.00232399763980007
"360","TUBB3",2983.02758277329,-0.298050645705345,0.103354188180531,0.000285603644627944,0.012160967927873
"361","VASP",4379.01112008309,-0.338822337586155,0.0840986209523725,4.07073436443367e-06,0.000557690607927413
"362","VEGFA",1185.96066531009,-0.320281504135249,0.0978296549598541,7.51925620143776e-05,0.00463831814478218
"363","WDR24",1295.26912449333,-0.322393870363193,0.101864696716311,0.000108714701230281,0.00624817858485447
"364","WTIP",3270.10684722409,-0.302529926582446,0.101716987232069,0.000213323865404547,0.00981789758670459
"365","YDJC",1600.45576617926,-0.361454746794055,0.121814226359891,0.00018051496310208,0.00875237570069427
"366","ZDHHC8",1710.2821466224,-0.311545612090214,0.122051927530952,0.000683320916491645,0.0221570391455999
"367","ZNF219",863.580350771132,-0.371053025713718,0.123768682130444,0.000154124512294653,0.00792967250591968
"368","ZNF444",2636.39082937369,-0.281234070730492,0.129348946540019,0.00199672019619654,0.046401099312796
"369","ZNF598",8877.30703419399,-0.275810132227304,0.0927235167711294,0.000240157598351186,0.0107997588693652
"370","ZNF668",2512.75203185905,-0.26513314569206,0.102336066158087,0.000762342653280267,0.023951789709195
"371","ZNF703",2516.83798741273,-0.303070023781795,0.115660252238946,0.00057612784780915,0.0196751834866302
"372","ZNF787",5274.10228184821,-0.364768242256413,0.0980570136990278,1.32115089264532e-05,0.00129649191087323
"373","ZNF865",2861.58985261029,-0.41577452494859,0.109640382104261,8.80034696823493e-06,0.000951244843850862
